"sequence","start","end","score","type","method","source","hla","ic50","consensus_score"
"YKDNPHPKG",12,20,1.32077777777778,"B-cell","Bepipred","accession1",NA,NA,1.32077777777778
"KDNPHPKGS",13,21,1.31111111111111,"B-cell","Bepipred","accession1",NA,NA,1.31111111111111
"TREDGTNRR",609,617,1.292,"B-cell","Bepipred","accession1",NA,NA,1.292
"FYKDNPHPK",11,19,1.24155555555556,"B-cell","Bepipred","accession1",NA,NA,1.24155555555556
"DNPHPKGSR",14,22,1.23655555555556,"B-cell","Bepipred","accession1",NA,NA,1.23655555555556
"VTREDGTNR",608,616,1.18811111111111,"B-cell","Bepipred","accession1",NA,NA,1.18811111111111
"GNCSGPTTI",186,194,1.11455555555556,"B-cell","Bepipred","accession1",NA,NA,1.11455555555556
"NPHPKGSRI",15,23,1.11211111111111,"B-cell","Bepipred","accession1",NA,NA,1.11211111111111
"AFYKDNPHP",10,18,1.09666666666667,"B-cell","Bepipred","accession1",NA,NA,1.09666666666667
"NCSGPTTIR",187,195,1.09611111111111,"B-cell","Bepipred","accession1",NA,NA,1.09611111111111
"KGNCSGPTT",185,193,1.05722222222222,"B-cell","Bepipred","accession1",NA,NA,1.05722222222222
"TVTREDGTN",607,615,1.04066666666667,"B-cell","Bepipred","accession1",NA,NA,1.04066666666667
"WAVPTTRTD",365,373,1.03811111111111,"B-cell","Bepipred","accession1",NA,NA,1.03811111111111
"CSGPTTIRG",188,196,1.02422222222222,"B-cell","Bepipred","accession1",NA,NA,1.02422222222222
"AVPTTRTDD",366,374,1.02288888888889,"B-cell","Bepipred","accession1",NA,NA,1.02288888888889
"KWAVPTTRT",364,372,1.01655555555556,"B-cell","Bepipred","accession1",NA,NA,1.01655555555556
"KEAGEDCHA",488,496,1.01288888888889,"B-cell","Bepipred","accession1",NA,NA,1.01288888888889
"TIPYQGSGK",307,315,1.003,"B-cell","Bepipred","accession1",NA,NA,1.003
"GMYGGTYLV",226,234,0.99946,"MHC-I","netmhcpan","accession1","HLA-A*02:01",2.7,0.99946
"KVSPYLFNV",477,485,0.99902,"MHC-I","netmhcpan","accession1","HLA-A*02:01",4.9,0.99902
"KLWCRHFCV",576,584,0.99874,"MHC-I","netmhcpan","accession1","HLA-A*02:01",6.3,0.99874
"LMIDRPYVL",30,38,0.9978,"MHC-I","netmhcpan","accession1","HLA-A*02:01",11,0.9978
"TPLFKIIGDEVGLRT",93,107,0.997198,"MHC-II","netmhciipan","accession1","HLA-DRB1*03:01",14.01,0.997198
"PLFKIIGDEVGLRTP",94,108,0.997092,"MHC-II","netmhciipan","accession1","HLA-DRB1*03:01",14.54,0.997092
"LFKIIGDEVGLRTPQ",95,109,0.99697,"MHC-II","netmhciipan","accession1","HLA-DRB1*03:01",15.15,0.99697
"SLSLLDLYL",202,210,0.99596,"MHC-I","netmhcpan","accession1","HLA-A*02:01",20.2,0.99596
"FKIIGDEVGLRTPQR",96,110,0.995928,"MHC-II","netmhciipan","accession1","HLA-DRB1*03:01",20.36,0.995928
"REHLMIDRPYVLLAV",27,41,0.995846,"MHC-II","netmhciipan","accession1","HLA-DRB1*03:01",20.77,0.995846
"PTTIRGQFSNMSLSL",191,205,0.995774,"MHC-II","netmhciipan","accession1","HLA-DRB1*04:01",21.13,0.995774
"QRFTDLVKFISDKIK",109,123,0.995506,"MHC-II","netmhciipan","accession1","HLA-DRB1*11:01",22.47,0.995506
"NREHLMIDRPYVLLA",26,40,0.995422,"MHC-II","netmhciipan","accession1","HLA-DRB1*03:01",22.89,0.995422
"PQRFTDLVKFISDKI",108,122,0.9954,"MHC-II","netmhciipan","accession1","HLA-DRB1*11:01",23,0.9954
"LTPLFKIIGDEVGLR",92,106,0.995376,"MHC-II","netmhciipan","accession1","HLA-DRB1*03:01",23.12,0.995376
"HLMIDRPYV",29,37,0.99522,"MHC-I","netmhcpan","accession1","HLA-A*02:01",23.9,0.99522
"SPSRSFAYF",544,552,0.99516,"MHC-I","netmhcpan","accession1","HLA-B*35:01",24.2,0.99516
"VMFLSLIGL",44,52,0.99476,"MHC-I","netmhcpan","accession1","HLA-A*02:01",26.2,0.99476
"TTIRGQFSNMSLSLL",192,206,0.99467,"MHC-II","netmhciipan","accession1","HLA-DRB1*04:01",26.65,0.99467
"GPTTIRGQFSNMSLS",190,204,0.994596,"MHC-II","netmhciipan","accession1","HLA-DRB1*04:01",27.02,0.994596
"TPQRFTDLVKFISDK",107,121,0.994462,"MHC-II","netmhciipan","accession1","HLA-DRB1*11:01",27.69,0.994462
"INREHLMIDRPYVLL",25,39,0.994112,"MHC-II","netmhciipan","accession1","HLA-DRB1*03:01",29.44,0.994112
"IPYQGSGKG",308,316,0.994,"B-cell","Bepipred","accession1",NA,NA,0.994
"SLIGLLAIA",48,56,0.99378,"MHC-I","netmhcpan","accession1","HLA-A*02:01",31.1,0.99378
"EHLMIDRPYVLLAVL",28,42,0.993476,"MHC-II","netmhciipan","accession1","HLA-DRB1*03:01",32.62,0.993476
"SGPTTIRGQFSNMSL",189,203,0.99263,"MHC-II","netmhciipan","accession1","HLA-DRB1*04:01",36.85,0.99263
"GTYLVEKPNLSSKRS",230,244,0.992508,"MHC-II","netmhciipan","accession1","HLA-DRB1*04:01",37.46,0.992508
"GGTYLVEKPNLSSKR",229,243,0.992476,"MHC-II","netmhciipan","accession1","HLA-DRB1*04:01",37.62,0.992476
"KIIGDEVGLRTPQRF",97,111,0.992464,"MHC-II","netmhciipan","accession1","HLA-DRB1*03:01",37.68,0.992464
"YVYSPSRSF",541,549,0.99216,"MHC-I","netmhcpan","accession1","HLA-B*35:01",39.2,0.99216
"FAYFYPFRL",549,557,0.99214,"MHC-I","netmhcpan","accession1","HLA-A*02:01",39.3,0.99214
"RTPQRFTDLVKFISD",106,120,0.992088,"MHC-II","netmhciipan","accession1","HLA-DRB1*11:01",39.56,0.992088
"NPGLGAPVF",262,270,0.99206,"MHC-I","netmhcpan","accession1","HLA-B*35:01",39.7,0.99206
"YSPSRSFAY",543,551,0.99178,"MHC-I","netmhcpan","accession1","HLA-B*35:01",41.1,0.99178
"RFTDLVKFISDKIKF",110,124,0.991638,"MHC-II","netmhciipan","accession1","HLA-DRB1*11:01",41.81,0.991638
"YGGTYLVEKPNLSSK",228,242,0.991634,"MHC-II","netmhciipan","accession1","HLA-DRB1*04:01",41.83,0.991634
"APVFHMTNY",267,275,0.9916,"MHC-I","netmhcpan","accession1","HLA-B*35:01",42,0.9916
"AVVYYVYSPSRSFAY",537,551,0.99092,"MHC-II","netmhciipan","accession1","HLA-DRB1*04:01",45.4,0.99092
"VVYYVYSPSRSFAYF",538,552,0.990704,"MHC-II","netmhciipan","accession1","HLA-DRB1*04:01",46.48,0.990704
"LLAIAGIRLHRAAIY",52,66,0.990642,"MHC-II","netmhciipan","accession1","HLA-DRB1*11:01",46.79,0.990642
"IPRFKVSPY",473,481,0.99048,"MHC-I","netmhcpan","accession1","HLA-B*35:01",47.6,0.99048
"VIDRLYLSSHRGVIA",345,359,0.99035,"MHC-II","netmhciipan","accession1","HLA-DRB1*11:01",48.25,0.99035
"YVLLAVLFV",36,44,0.99028,"MHC-I","netmhcpan","accession1","HLA-A*02:01",48.6,0.99028
"IGLLAIAGIRLHRAA",50,64,0.99017,"MHC-II","netmhciipan","accession1","HLA-DRB1*11:01",49.15,0.99017
"GLLAIAGIRLHRAAI",51,65,0.990124,"MHC-II","netmhciipan","accession1","HLA-DRB1*11:01",49.38,0.990124
"TYLVEKPNLSSKRSE",231,245,0.989912,"MHC-II","netmhciipan","accession1","HLA-DRB1*04:01",50.44,0.989912
"MYGGTYLVEKPNLSS",227,241,0.989786,"MHC-II","netmhciipan","accession1","HLA-DRB1*04:01",51.07,0.989786
"KDVLTPLFKIIGDEV",89,103,0.989726,"MHC-II","netmhciipan","accession1","HLA-DRB1*11:01",51.37,0.989726
"TPLFKIIGDEVGLRT",93,107,0.98941,"MHC-II","netmhciipan","accession1","HLA-DRB1*04:01",52.95,0.98941
"LAIAGIRLHRAAIYT",53,67,0.989398,"MHC-II","netmhciipan","accession1","HLA-DRB1*11:01",53.01,0.989398
"LSMYRVFEV",249,257,0.98934,"MHC-I","netmhcpan","accession1","HLA-A*02:01",53.3,0.98934
"EAGEDCHAP",489,497,0.989111111111111,"B-cell","Bepipred","accession1",NA,NA,0.989111111111111
"RLYLSSHRGVIADNQ",348,362,0.988984,"MHC-II","netmhciipan","accession1","HLA-DRB1*11:01",55.08,0.988984
"TTNQFLAVSKGNCSG",176,190,0.988962,"MHC-II","netmhciipan","accession1","HLA-DRB1*11:01",55.19,0.988962
"TIRGQFSNMSLSLLD",193,207,0.988922,"MHC-II","netmhciipan","accession1","HLA-DRB1*04:01",55.39,0.988922
"LTPLFKIIGDEVGLR",92,106,0.988654,"MHC-II","netmhciipan","accession1","HLA-DRB1*04:01",56.73,0.988654
"HAVVYYVYSPSRSFA",536,550,0.988282,"MHC-II","netmhciipan","accession1","HLA-DRB1*04:01",58.59,0.988282
"PLFKIIGDEVGLRTP",94,108,0.98826,"MHC-II","netmhciipan","accession1","HLA-DRB1*04:01",58.7,0.98826
"RTTNQFLAVSKGNCS",175,189,0.98821,"MHC-II","netmhciipan","accession1","HLA-DRB1*11:01",58.95,0.98821
"VVYYVYSPSRSFAYF",538,552,0.988184,"MHC-II","netmhciipan","accession1","HLA-DRB1*11:01",59.08,0.988184
"AIAGIRLHRAAIYTA",54,68,0.988094,"MHC-II","netmhciipan","accession1","HLA-DRB1*11:01",59.53,0.988094
"VINREHLMIDRPYVL",24,38,0.988018,"MHC-II","netmhciipan","accession1","HLA-DRB1*03:01",59.91,0.988018
"LRTPQRFTDLVKFIS",105,119,0.987718,"MHC-II","netmhciipan","accession1","HLA-DRB1*11:01",61.41,0.987718
"IDRLYLSSHRGVIAD",346,360,0.987676,"MHC-II","netmhciipan","accession1","HLA-DRB1*11:01",61.62,0.987676
"MSLSLLDLY",201,209,0.98758,"MHC-I","netmhcpan","accession1","HLA-B*35:01",62.1,0.98758
"VYYVYSPSRSFAYFY",539,553,0.987298,"MHC-II","netmhciipan","accession1","HLA-DRB1*04:01",63.51,0.987298
"AVVYYVYSPSRSFAY",537,551,0.987284,"MHC-II","netmhciipan","accession1","HLA-DRB1*11:01",63.58,0.987284
"QVKDVLTPLFKIIGD",87,101,0.98709,"MHC-II","netmhciipan","accession1","HLA-DRB1*11:01",64.55,0.98709
"TNQFLAVSKGNCSGP",177,191,0.987036,"MHC-II","netmhciipan","accession1","HLA-DRB1*11:01",64.82,0.987036
"HLMIDRPYVLLAVLF",29,43,0.98694,"MHC-II","netmhciipan","accession1","HLA-DRB1*03:01",65.3,0.98694
"VKDVLTPLFKIIGDE",88,102,0.986832,"MHC-II","netmhciipan","accession1","HLA-DRB1*11:01",65.84,0.986832
"SHRGVIADNQAKWAV",353,367,0.986646,"MHC-II","netmhciipan","accession1","HLA-DRB1*03:01",66.77,0.986646
"LIGLLAIAGIRLHRA",49,63,0.986398,"MHC-II","netmhciipan","accession1","HLA-DRB1*11:01",68.01,0.986398
"INTLEWIPRFKVSPY",467,481,0.985846,"MHC-II","netmhciipan","accession1","HLA-DRB1*11:01",70.77,0.985846
"PAEVDGDVKLSSNLV",501,515,0.985782,"MHC-II","netmhciipan","accession1","HLA-DRB1*03:01",71.09,0.985782
"DRLYLSSHRGVIADN",347,361,0.98511,"MHC-II","netmhciipan","accession1","HLA-DRB1*11:01",74.45,0.98511
"NQFLAVSKGNCSGPT",178,192,0.984506,"MHC-II","netmhciipan","accession1","HLA-DRB1*11:01",77.47,0.984506
"AEVDGDVKLSSNLVI",502,516,0.9845,"MHC-II","netmhciipan","accession1","HLA-DRB1*03:01",77.5,0.9845
"HRGVIADNQAKWAVP",354,368,0.984498,"MHC-II","netmhciipan","accession1","HLA-DRB1*03:01",77.51,0.984498
"KLSSNLVIL",509,517,0.9842,"MHC-I","netmhcpan","accession1","HLA-A*02:01",79,0.9842
"FISDKIKFL",117,125,0.9841,"MHC-I","netmhcpan","accession1","HLA-A*02:01",79.5,0.9841
"IAGIRLHRAAIYTAE",55,69,0.984036,"MHC-II","netmhciipan","accession1","HLA-DRB1*11:01",79.82,0.984036
"VLLAVLFVM",37,45,0.98402,"MHC-I","netmhcpan","accession1","HLA-A*02:01",79.9,0.98402
"VYYVYSPSRSFAYFY",539,553,0.983936,"MHC-II","netmhciipan","accession1","HLA-DRB1*11:01",80.32,0.983936
"GVINTLEWIPRFKVS",465,479,0.983644,"MHC-II","netmhciipan","accession1","HLA-DRB1*11:01",81.78,0.983644
"DVLTPLFKIIGDEVG",90,104,0.983534,"MHC-II","netmhciipan","accession1","HLA-DRB1*11:01",82.33,0.983534
"NTLEWIPRFKVSPYL",468,482,0.983414,"MHC-II","netmhciipan","accession1","HLA-DRB1*11:01",82.93,0.983414
"DLVKFISDKIKFLNP",113,127,0.983116,"MHC-II","netmhciipan","accession1","HLA-DRB1*03:01",84.42,0.983116
"VINTLEWIPRFKVSP",466,480,0.983098,"MHC-II","netmhciipan","accession1","HLA-DRB1*11:01",84.51,0.983098
"HAVVYYVYSPSRSFA",536,550,0.983072,"MHC-II","netmhciipan","accession1","HLA-DRB1*11:01",84.64,0.983072
"VPTTRTDDK",367,375,0.982777777777778,"B-cell","Bepipred","accession1",NA,NA,0.982777777777778
"NVYWLTIPPMKNLAL",450,464,0.982514,"MHC-II","netmhciipan","accession1","HLA-DRB1*04:01",87.43,0.982514
"VLTPLFKIIGDEVGL",91,105,0.98242,"MHC-II","netmhciipan","accession1","HLA-DRB1*04:01",87.9,0.98242
"SFAYFYPFRLPIKGV",548,562,0.98239,"MHC-II","netmhciipan","accession1","HLA-DRB1*11:01",88.05,0.98239
"EHAVVYYVYSPSRSF",535,549,0.982366,"MHC-II","netmhciipan","accession1","HLA-DRB1*04:01",88.17,0.982366
"LVKFISDKIKFLNPD",114,128,0.982092,"MHC-II","netmhciipan","accession1","HLA-DRB1*03:01",89.54,0.982092
"NNVYWLTIPPMKNLA",449,463,0.981974,"MHC-II","netmhciipan","accession1","HLA-DRB1*04:01",90.13,0.981974
"RSFAYFYPFRLPIKG",547,561,0.981842,"MHC-II","netmhciipan","accession1","HLA-DRB1*11:01",90.79,0.981842
"RGVIADNQAKWAVPT",355,369,0.981386,"MHC-II","netmhciipan","accession1","HLA-DRB1*03:01",93.07,0.981386
"NVYWLTIPPMKNLAL",450,464,0.981292,"MHC-II","netmhciipan","accession1","HLA-DRB1*11:01",93.54,0.981292
"FAYFYPFRLPIKGVP",549,563,0.981074,"MHC-II","netmhciipan","accession1","HLA-DRB1*11:01",94.63,0.981074
"DLVKFISDKIKFLNP",113,127,0.98099,"MHC-II","netmhciipan","accession1","HLA-DRB1*04:01",95.05,0.98099
"NNVYWLTIPPMKNLA",449,463,0.98095,"MHC-II","netmhciipan","accession1","HLA-DRB1*11:01",95.25,0.98095
"LPAEVDGDVKLSSNL",500,514,0.980804,"MHC-II","netmhciipan","accession1","HLA-DRB1*03:01",95.98,0.980804
"LFKIIGDEVGLRTPQ",95,109,0.980572,"MHC-II","netmhciipan","accession1","HLA-DRB1*04:01",97.14,0.980572
"TLEWIPRFKVSPYLF",469,483,0.98054,"MHC-II","netmhciipan","accession1","HLA-DRB1*11:01",97.3,0.98054
"GMYGGTYLVEKPNLS",226,240,0.980394,"MHC-II","netmhciipan","accession1","HLA-DRB1*04:01",98.03,0.980394
"PVIDRLYLSSHRGVI",344,358,0.980338,"MHC-II","netmhciipan","accession1","HLA-DRB1*11:01",98.31,0.980338
"SRSFAYFYPFRLPIK",546,560,0.98028,"MHC-II","netmhciipan","accession1","HLA-DRB1*11:01",98.6,0.98028
"VLTPLFKIIGDEVGL",91,105,0.979854,"MHC-II","netmhciipan","accession1","HLA-DRB1*11:01",100.73,0.979854
"TDLVKFISDKIKFLN",112,126,0.97941,"MHC-II","netmhciipan","accession1","HLA-DRB1*03:01",102.95,0.97941
"AYFYPFRLPIKGVPI",550,564,0.97914,"MHC-II","netmhciipan","accession1","HLA-DRB1*11:01",104.3,0.97914
"HNNVYWLTIPPMKNL",448,462,0.978868,"MHC-II","netmhciipan","accession1","HLA-DRB1*04:01",105.66,0.978868
"LVKFISDKIKFLNPD",114,128,0.978504,"MHC-II","netmhciipan","accession1","HLA-DRB1*04:01",107.48,0.978504
"ETCFQQACKGKIQAL",379,393,0.978504,"MHC-II","netmhciipan","accession1","HLA-DRB1*11:01",107.48,0.978504
"GGTYLVEKPNLSSKR",229,243,0.97847,"MHC-II","netmhciipan","accession1","HLA-DRB1*11:01",107.65,0.97847
"SSHRGVIADNQAKWA",352,366,0.97829,"MHC-II","netmhciipan","accession1","HLA-DRB1*03:01",108.55,0.97829
"YYVYSPSRSFAYFYP",540,554,0.978272,"MHC-II","netmhciipan","accession1","HLA-DRB1*04:01",108.64,0.978272
"MDLYKSNHNNVYWLT",441,455,0.978232,"MHC-II","netmhciipan","accession1","HLA-DRB1*04:01",108.84,0.978232
"TDLVKFISDKIKFLN",112,126,0.978214,"MHC-II","netmhciipan","accession1","HLA-DRB1*04:01",108.93,0.978214
"IPSYGVLSVDLSLTV",407,421,0.978054,"MHC-II","netmhciipan","accession1","HLA-DRB1*04:01",109.73,0.978054
"SLIGLLAIAGIRLHR",48,62,0.977986,"MHC-II","netmhciipan","accession1","HLA-DRB1*11:01",110.07,0.977986
"VLFVMFLSL",41,49,0.97776,"MHC-I","netmhcpan","accession1","HLA-A*02:01",111.2,0.97776
"VSFQLVKLGVWKSPT",317,331,0.977478,"MHC-II","netmhciipan","accession1","HLA-DRB1*11:01",112.61,0.977478
"HQVKDVLTPLFKIIG",86,100,0.976732,"MHC-II","netmhciipan","accession1","HLA-DRB1*11:01",116.34,0.976732
"GMDLYKSNHNNVYWL",440,454,0.976678,"MHC-II","netmhciipan","accession1","HLA-DRB1*04:01",116.61,0.976678
"GTYLVEKPNLSSKRS",230,244,0.976444,"MHC-II","netmhciipan","accession1","HLA-DRB1*11:01",117.78,0.976444
"AGIRLHRAAIYTAEI",56,70,0.976428,"MHC-II","netmhciipan","accession1","HLA-DRB1*11:01",117.86,0.976428
"FLSLIGLLA",46,54,0.9763,"MHC-I","netmhcpan","accession1","HLA-A*02:01",118.5,0.9763
"QFLAVSKGNCSGPTT",179,193,0.975846,"MHC-II","netmhciipan","accession1","HLA-DRB1*11:01",120.77,0.975846
"YFYPFRLPIKGVPIE",551,565,0.975198,"MHC-II","netmhciipan","accession1","HLA-DRB1*11:01",124.01,0.975198
"PSYGVLSVDLSLTVE",408,422,0.974806,"MHC-II","netmhciipan","accession1","HLA-DRB1*04:01",125.97,0.974806
"LGVINTLEWIPRFKV",464,478,0.97476,"MHC-II","netmhciipan","accession1","HLA-DRB1*11:01",126.2,0.97476
"AVPTTRTDDKLRMET",366,380,0.97458,"MHC-II","netmhciipan","accession1","HLA-DRB1*03:01",127.1,0.97458
"TIPYQGSGKGVSFQL",307,321,0.974484,"MHC-II","netmhciipan","accession1","HLA-DRB1*11:01",127.58,0.974484
"TCFQQACKGKIQALC",380,394,0.974236,"MHC-II","netmhciipan","accession1","HLA-DRB1*11:01",128.82,0.974236
"VYWLTIPPMKNLALG",451,465,0.974232,"MHC-II","netmhciipan","accession1","HLA-DRB1*04:01",128.84,0.974232
"FYPFRLPIKGVPIEL",552,566,0.97413,"MHC-II","netmhciipan","accession1","HLA-DRB1*11:01",129.35,0.97413
"LYLSSHRGVIADNQA",349,363,0.974102,"MHC-II","netmhciipan","accession1","HLA-DRB1*11:01",129.49,0.974102
"GVSFQLVKLGVWKSP",316,330,0.973966,"MHC-II","netmhciipan","accession1","HLA-DRB1*11:01",130.17,0.973966
"YGVLSVDLSLTVELK",410,424,0.97321,"MHC-II","netmhciipan","accession1","HLA-DRB1*03:01",133.95,0.97321
"SFQLVKLGVWKSPTD",318,332,0.973196,"MHC-II","netmhciipan","accession1","HLA-DRB1*11:01",134.02,0.973196
"HNNVYWLTIPPMKNL",448,462,0.973068,"MHC-II","netmhciipan","accession1","HLA-DRB1*11:01",134.66,0.973068
"VKFISDKIKFLNPDR",115,129,0.972822,"MHC-II","netmhciipan","accession1","HLA-DRB1*03:01",135.89,0.972822
"EVDGDVKLSSNLVIL",503,517,0.972812,"MHC-II","netmhciipan","accession1","HLA-DRB1*03:01",135.94,0.972812
"GLGAPVFHM",264,272,0.97244,"MHC-I","netmhcpan","accession1","HLA-A*02:01",137.8,0.97244
"YYVYSPSRSFAYFYP",540,554,0.972168,"MHC-II","netmhciipan","accession1","HLA-DRB1*11:01",139.16,0.972168
"RIPSYGVLSVDLSLT",406,420,0.97179,"MHC-II","netmhciipan","accession1","HLA-DRB1*04:01",141.05,0.97179
"CSGPTTIRGQFSNMS",188,202,0.971668,"MHC-II","netmhciipan","accession1","HLA-DRB1*04:01",141.66,0.971668
"GRGYNVSSIVTMTSQ",211,225,0.971094,"MHC-II","netmhciipan","accession1","HLA-DRB1*04:01",144.53,0.971094
"IGLLAIAGIRLHRAA",50,64,0.970984,"MHC-II","netmhciipan","accession1","HLA-DRB1*04:01",145.08,0.970984
"VYWLTIPPMKNLALG",451,465,0.970944,"MHC-II","netmhciipan","accession1","HLA-DRB1*11:01",145.28,0.970944
"GIRLHRAAIYTAEIH",57,71,0.970468,"MHC-II","netmhciipan","accession1","HLA-DRB1*04:01",147.66,0.970468
"METCFQQACKGKIQA",378,392,0.970446,"MHC-II","netmhciipan","accession1","HLA-DRB1*11:01",147.77,0.970446
"GVLSVDLSLTVELKI",411,425,0.970358,"MHC-II","netmhciipan","accession1","HLA-DRB1*03:01",148.21,0.970358
"REHLMIDRPYVLLAV",27,41,0.969812,"MHC-II","netmhciipan","accession1","HLA-DRB1*04:01",150.94,0.969812
"RSFAYFYPF",547,555,0.96926,"MHC-I","netmhcpan","accession1","HLA-B*35:01",153.7,0.96926
"YLPAEVDGDVKLSSN",499,513,0.968656,"MHC-II","netmhciipan","accession1","HLA-DRB1*03:01",156.72,0.968656
"GYNVSSIVTMTSQGM",213,227,0.968616,"MHC-II","netmhciipan","accession1","HLA-DRB1*04:01",156.92,0.968616
"NREHLMIDRPYVLLA",26,40,0.968488,"MHC-II","netmhciipan","accession1","HLA-DRB1*11:01",157.56,0.968488
"IPSYGVLSV",407,415,0.96844,"MHC-I","netmhcpan","accession1","HLA-B*35:01",157.8,0.96844
"VPTTRTDDKLRMETC",367,381,0.968254,"MHC-II","netmhciipan","accession1","HLA-DRB1*03:01",158.73,0.968254
"RGYNVSSIVTMTSQG",212,226,0.968216,"MHC-II","netmhciipan","accession1","HLA-DRB1*04:01",158.92,0.968216
"WAVPTTRTDDKLRME",365,379,0.968044,"MHC-II","netmhciipan","accession1","HLA-DRB1*03:01",159.78,0.968044
"LATYDTSRVEHAVVY",526,540,0.967846,"MHC-II","netmhciipan","accession1","HLA-DRB1*04:01",160.77,0.967846
"AGIRLHRAAIYTAEI",56,70,0.96783,"MHC-II","netmhciipan","accession1","HLA-DRB1*04:01",160.85,0.96783
"LSLTVELKIKIASGF",417,431,0.96783,"MHC-II","netmhciipan","accession1","HLA-DRB1*11:01",160.85,0.96783
"YGGTYLVEKPNLSSK",228,242,0.967776,"MHC-II","netmhciipan","accession1","HLA-DRB1*11:01",161.12,0.967776
"DLYKSNHNNVYWLTI",442,456,0.967612,"MHC-II","netmhciipan","accession1","HLA-DRB1*04:01",161.94,0.967612
"TRTTNQFLAVSKGNC",174,188,0.967562,"MHC-II","netmhciipan","accession1","HLA-DRB1*11:01",162.19,0.967562
"GIRLHRAAIYTAEIH",57,71,0.966488,"MHC-II","netmhciipan","accession1","HLA-DRB1*11:01",167.56,0.966488
"YNVSSIVTMTSQGMY",214,228,0.966338,"MHC-II","netmhciipan","accession1","HLA-DRB1*04:01",168.31,0.966338
"EHAVVYYVYSPSRSF",535,549,0.966266,"MHC-II","netmhciipan","accession1","HLA-DRB1*11:01",168.67,0.966266
"FTDLVKFISDKIKFL",111,125,0.966032,"MHC-II","netmhciipan","accession1","HLA-DRB1*04:01",169.84,0.966032
"LLAIAGIRLHRAAIY",52,66,0.965932,"MHC-II","netmhciipan","accession1","HLA-DRB1*04:01",170.34,0.965932
"IKEAGEDCH",487,495,0.965555555555556,"B-cell","Bepipred","accession1",NA,NA,0.965555555555556
"IAGIRLHRAAIYTAE",55,69,0.965554,"MHC-II","netmhciipan","accession1","HLA-DRB1*04:01",172.23,0.965554
"KGVSFQLVKLGVWKS",315,329,0.965304,"MHC-II","netmhciipan","accession1","HLA-DRB1*11:01",173.48,0.965304
"GLLAIAGIRLHRAAI",51,65,0.96475,"MHC-II","netmhciipan","accession1","HLA-DRB1*04:01",176.25,0.96475
"VKFISDKIKFLNPDR",115,129,0.964348,"MHC-II","netmhciipan","accession1","HLA-DRB1*04:01",178.26,0.964348
"NHNNVYWLTIPPMKN",447,461,0.964208,"MHC-II","netmhciipan","accession1","HLA-DRB1*04:01",178.96,0.964208
"SRSFAYFYPFRLPIK",546,560,0.964168,"MHC-II","netmhciipan","accession1","HLA-DRB1*04:01",179.16,0.964168
"FQLVKLGVWKSPTDM",319,333,0.96382,"MHC-II","netmhciipan","accession1","HLA-DRB1*11:01",180.9,0.96382
"ITIPYQGSG",306,314,0.963777777777778,"B-cell","Bepipred","accession1",NA,NA,0.963777777777778
"LIGLLAIAGIRLHRA",49,63,0.96343,"MHC-II","netmhciipan","accession1","HLA-DRB1*04:01",182.85,0.96343
"NRIPSYGVLSVDLSL",405,419,0.963374,"MHC-II","netmhciipan","accession1","HLA-DRB1*04:01",183.13,0.963374
"REHLMIDRPYVLLAV",27,41,0.963368,"MHC-II","netmhciipan","accession1","HLA-DRB1*11:01",183.16,0.963368
"IPYQGSGKGVSFQLV",308,322,0.963154,"MHC-II","netmhciipan","accession1","HLA-DRB1*11:01",184.23,0.963154
"TYLVEKPNLSSKRSE",231,245,0.963092,"MHC-II","netmhciipan","accession1","HLA-DRB1*11:01",184.54,0.963092
"NREHLMIDRPYVLLA",26,40,0.962394,"MHC-II","netmhciipan","accession1","HLA-DRB1*04:01",188.03,0.962394
"SLTVELKIKIASGFG",418,432,0.962152,"MHC-II","netmhciipan","accession1","HLA-DRB1*11:01",189.24,0.962152
"SGMDLYKSNHNNVYW",439,453,0.960646,"MHC-II","netmhciipan","accession1","HLA-DRB1*04:01",196.77,0.960646
"IRGQFSNMSLSLLDL",194,208,0.96013,"MHC-II","netmhciipan","accession1","HLA-DRB1*04:01",199.35,0.96013
"DLSLTVELKIKIASG",416,430,0.96007,"MHC-II","netmhciipan","accession1","HLA-DRB1*11:01",199.65,0.96007
"LAIAGIRLHRAAIYT",53,67,0.959998,"MHC-II","netmhciipan","accession1","HLA-DRB1*03:01",200.01,0.959998
"AIAGIRLHRAAIYTA",54,68,0.95997,"MHC-II","netmhciipan","accession1","HLA-DRB1*03:01",200.15,0.95997
"FTDLVKFISDKIKFL",111,125,0.959962,"MHC-II","netmhciipan","accession1","HLA-DRB1*03:01",200.19,0.959962
"VSFQLVKLGVWKSPT",317,331,0.95955,"MHC-II","netmhciipan","accession1","HLA-DRB1*04:01",202.25,0.95955
"INREHLMIDRPYVLL",25,39,0.959532,"MHC-II","netmhciipan","accession1","HLA-DRB1*11:01",202.34,0.959532
"AKWAVPTTR",363,371,0.959444444444445,"B-cell","Bepipred","accession1",NA,NA,0.959444444444445
"SYGVLSVDLSLTVEL",409,423,0.959294,"MHC-II","netmhciipan","accession1","HLA-DRB1*04:01",203.53,0.959294
"LEWIPRFKVSPYLFN",470,484,0.95923,"MHC-II","netmhciipan","accession1","HLA-DRB1*11:01",203.85,0.95923
"AIAGIRLHRAAIYTA",54,68,0.958632,"MHC-II","netmhciipan","accession1","HLA-DRB1*04:01",206.84,0.958632
"VLATYDTSRVEHAVV",525,539,0.958502,"MHC-II","netmhciipan","accession1","HLA-DRB1*04:01",207.49,0.958502
"LGRGYNVSSIVTMTS",210,224,0.958432,"MHC-II","netmhciipan","accession1","HLA-DRB1*04:01",207.84,0.958432
"GKGVSFQLVKLGVWK",314,328,0.95742,"MHC-II","netmhciipan","accession1","HLA-DRB1*11:01",212.9,0.95742
"LAIAGIRLHRAAIYT",53,67,0.957026,"MHC-II","netmhciipan","accession1","HLA-DRB1*04:01",214.87,0.957026
"NVSSIVTMTSQGMYG",215,229,0.956592,"MHC-II","netmhciipan","accession1","HLA-DRB1*04:01",217.04,0.956592
"RAAIYTAEIHKSLST",62,76,0.956326,"MHC-II","netmhciipan","accession1","HLA-DRB1*04:01",218.37,0.956326
"KIASGFGPL",426,434,0.95618,"MHC-I","netmhcpan","accession1","HLA-A*02:01",219.1,0.95618
"SFQLVKLGVWKSPTD",318,332,0.956156,"MHC-II","netmhciipan","accession1","HLA-DRB1*04:01",219.22,0.956156
"RMETCFQQACKGKIQ",377,391,0.956076,"MHC-II","netmhciipan","accession1","HLA-DRB1*11:01",219.62,0.956076
"ITIPYQGSGKGVSFQ",306,320,0.954876,"MHC-II","netmhciipan","accession1","HLA-DRB1*11:01",225.62,0.954876
"RSFAYFYPFRLPIKG",547,561,0.95464,"MHC-II","netmhciipan","accession1","HLA-DRB1*04:01",226.8,0.95464
"GSRIVINREHLMIDR",20,34,0.954558,"MHC-II","netmhciipan","accession1","HLA-DRB1*03:01",227.21,0.954558
"GVIADNQAKWAVPTT",356,370,0.954246,"MHC-II","netmhciipan","accession1","HLA-DRB1*03:01",228.77,0.954246
"PSYGVLSVDLSLTVE",408,422,0.954238,"MHC-II","netmhciipan","accession1","HLA-DRB1*03:01",228.81,0.954238
"YWLTIPPMKNLALGV",452,466,0.95419,"MHC-II","netmhciipan","accession1","HLA-DRB1*04:01",229.05,0.95419
"PERIKLDYDQYCADV",143,157,0.954068,"MHC-II","netmhciipan","accession1","HLA-DRB1*03:01",229.66,0.954068
"RGQFSNMSLSLLDLY",195,209,0.953674,"MHC-II","netmhciipan","accession1","HLA-DRB1*04:01",231.63,0.953674
"LLAIAGIRLHRAAIY",52,66,0.953468,"MHC-II","netmhciipan","accession1","HLA-DRB1*03:01",232.66,0.953468
"EQPVSNDLSNCMVAL",277,291,0.953102,"MHC-II","netmhciipan","accession1","HLA-DRB1*03:01",234.49,0.953102
"GVSFQLVKLGVWKSP",316,330,0.952878,"MHC-II","netmhciipan","accession1","HLA-DRB1*04:01",235.61,0.952878
"HRAAIYTAEIHKSLS",61,75,0.952854,"MHC-II","netmhciipan","accession1","HLA-DRB1*04:01",235.73,0.952854
"AEELMNALVNSTLLE",159,173,0.952748,"MHC-II","netmhciipan","accession1","HLA-DRB1*04:01",236.26,0.952748
"YPFRLPIKGVPIELQ",553,567,0.95261,"MHC-II","netmhciipan","accession1","HLA-DRB1*11:01",236.95,0.95261
"YVYSPSRSFAYFYPF",541,555,0.951772,"MHC-II","netmhciipan","accession1","HLA-DRB1*04:01",241.14,0.951772
"IAGIRLHRAAIYTAE",55,69,0.951752,"MHC-II","netmhciipan","accession1","HLA-DRB1*03:01",241.24,0.951752
"PSRSFAYFYPFRLPI",545,559,0.951528,"MHC-II","netmhciipan","accession1","HLA-DRB1*11:01",242.36,0.951528
"IRLHRAAIYTAEIHK",58,72,0.9515,"MHC-II","netmhciipan","accession1","HLA-DRB1*04:01",242.5,0.9515
"IIGDEVGLRTPQRFT",98,112,0.950032,"MHC-II","netmhciipan","accession1","HLA-DRB1*03:01",249.84,0.950032
"FKVSPYLFNVPIKEA",476,490,0.9497,"MHC-II","netmhciipan","accession1","HLA-DRB1*04:01",251.5,0.9497
"LYKSNHNNVYWLTIP",443,457,0.949698,"MHC-II","netmhciipan","accession1","HLA-DRB1*04:01",251.51,0.949698
"SRIVINREHLMIDRP",21,35,0.948498,"MHC-II","netmhciipan","accession1","HLA-DRB1*03:01",257.51,0.948498
"PTTIRGQFSNMSLSL",191,205,0.948432,"MHC-II","netmhciipan","accession1","HLA-DRB1*11:01",257.84,0.948432
"EWIPRFKVSPYLFNV",471,485,0.948304,"MHC-II","netmhciipan","accession1","HLA-DRB1*11:01",258.48,0.948304
"EHLMIDRPYVLLAVL",28,42,0.947896,"MHC-II","netmhciipan","accession1","HLA-DRB1*04:01",260.52,0.947896
"CFQQACKGKIQALCE",381,395,0.947722,"MHC-II","netmhciipan","accession1","HLA-DRB1*11:01",261.39,0.947722
"NHNNVYWLTIPPMKN",447,461,0.947708,"MHC-II","netmhciipan","accession1","HLA-DRB1*11:01",261.46,0.947708
"ERIKLDYDQYCADVA",144,158,0.947696,"MHC-II","netmhciipan","accession1","HLA-DRB1*03:01",261.52,0.947696
"SLIGLLAIAGIRLHR",48,62,0.947612,"MHC-II","netmhciipan","accession1","HLA-DRB1*04:01",261.94,0.947612
"INREHLMIDRPYVLL",25,39,0.947308,"MHC-II","netmhciipan","accession1","HLA-DRB1*04:01",263.46,0.947308
"VDLSLTVELKIKIAS",415,429,0.946436,"MHC-II","netmhciipan","accession1","HLA-DRB1*11:01",267.82,0.946436
"KVSPYLFNVPIKEAG",477,491,0.946274,"MHC-II","netmhciipan","accession1","HLA-DRB1*04:01",268.63,0.946274
"RAAIYTAEIHKSLST",62,76,0.946262,"MHC-II","netmhciipan","accession1","HLA-DRB1*11:01",268.69,0.946262
"AAEELMNALVNSTLL",158,172,0.945726,"MHC-II","netmhciipan","accession1","HLA-DRB1*04:01",271.37,0.945726
"YVLATYDTSRVEHAV",524,538,0.945578,"MHC-II","netmhciipan","accession1","HLA-DRB1*04:01",272.11,0.945578
"IPRFKVSPYLFNVPI",473,487,0.945246,"MHC-II","netmhciipan","accession1","HLA-DRB1*11:01",273.77,0.945246
"PKGSRIVINREHLMI",18,32,0.945216,"MHC-II","netmhciipan","accession1","HLA-DRB1*03:01",273.92,0.945216
"FRLPIKGVPIELQVE",555,569,0.944638,"MHC-II","netmhciipan","accession1","HLA-DRB1*04:01",276.81,0.944638
"LTVELKIKIASGFGP",419,433,0.943622,"MHC-II","netmhciipan","accession1","HLA-DRB1*11:01",281.89,0.943622
"LSSHRGVIADNQAKW",351,365,0.943546,"MHC-II","netmhciipan","accession1","HLA-DRB1*03:01",282.27,0.943546
"YLVEKPNLSSKRSEL",232,246,0.943312,"MHC-II","netmhciipan","accession1","HLA-DRB1*04:01",283.44,0.943312
"VSSIVTMTSQGMYGG",216,230,0.942522,"MHC-II","netmhciipan","accession1","HLA-DRB1*04:01",287.39,0.942522
"FTDLVKFISDKIKFL",111,125,0.942334,"MHC-II","netmhciipan","accession1","HLA-DRB1*11:01",288.33,0.942334
"KGSRIVINREHLMID",19,33,0.942024,"MHC-II","netmhciipan","accession1","HLA-DRB1*03:01",289.88,0.942024
"LHRAAIYTAEIHKSL",60,74,0.94193,"MHC-II","netmhciipan","accession1","HLA-DRB1*04:01",290.35,0.94193
"LSMYRVFEVGVIRNP",249,263,0.941738,"MHC-II","netmhciipan","accession1","HLA-DRB1*04:01",291.31,0.941738
"KFISDKIKFLNPDRE",116,130,0.941496,"MHC-II","netmhciipan","accession1","HLA-DRB1*03:01",292.52,0.941496
"WIPRFKVSPYLFNVP",472,486,0.941284,"MHC-II","netmhciipan","accession1","HLA-DRB1*11:01",293.58,0.941284
"KWAVPTTRTDDKLRM",364,378,0.941234,"MHC-II","netmhciipan","accession1","HLA-DRB1*03:01",293.83,0.941234
"PTTRTDDKLRMETCF",368,382,0.941056,"MHC-II","netmhciipan","accession1","HLA-DRB1*03:01",294.72,0.941056
"FQLVKLGVWKSPTDM",319,333,0.941038,"MHC-II","netmhciipan","accession1","HLA-DRB1*04:01",294.81,0.941038
"ATYDTSRVEHAVVYY",527,541,0.940978,"MHC-II","netmhciipan","accession1","HLA-DRB1*04:01",295.11,0.940978
"VSPYLFNVPIKEAGE",478,492,0.940682,"MHC-II","netmhciipan","accession1","HLA-DRB1*04:01",296.59,0.940682
"DVLTPLFKIIGDEVG",90,104,0.940512,"MHC-II","netmhciipan","accession1","HLA-DRB1*04:01",297.44,0.940512
"YLGRGYNVSSIVTMT",209,223,0.940294,"MHC-II","netmhciipan","accession1","HLA-DRB1*04:01",298.53,0.940294
"PSRSFAYFYPFRLPI",545,559,0.940208,"MHC-II","netmhciipan","accession1","HLA-DRB1*04:01",298.96,0.940208
"EELMNALVNSTLLET",160,174,0.939916,"MHC-II","netmhciipan","accession1","HLA-DRB1*04:01",300.42,0.939916
"PFRLPIKGVPIELQV",554,568,0.939584,"MHC-II","netmhciipan","accession1","HLA-DRB1*04:01",302.08,0.939584
"VECFTWDQKLWCRHF",568,582,0.939184,"MHC-II","netmhciipan","accession1","HLA-DRB1*03:01",304.08,0.939184
"LRDLTWCINPPERIK",133,147,0.939026,"MHC-II","netmhciipan","accession1","HLA-DRB1*04:01",304.87,0.939026
"RFTDLVKFISDKIKF",110,124,0.938258,"MHC-II","netmhciipan","accession1","HLA-DRB1*04:01",308.71,0.938258
"PKGSRIVINREHLMI",18,32,0.93798,"MHC-II","netmhciipan","accession1","HLA-DRB1*11:01",310.1,0.93798
"QLSMYRVFEVGVIRN",248,262,0.937958,"MHC-II","netmhciipan","accession1","HLA-DRB1*04:01",310.21,0.937958
"DLVKFISDKIKFLNP",113,127,0.937772,"MHC-II","netmhciipan","accession1","HLA-DRB1*11:01",311.14,0.937772
"MYGGTYLVEKPNLSS",227,241,0.93756,"MHC-II","netmhciipan","accession1","HLA-DRB1*11:01",312.2,0.93756
"TYLPAEVDGDVKLSS",498,512,0.93735,"MHC-II","netmhciipan","accession1","HLA-DRB1*03:01",313.25,0.93735
"RHFCVLADSESGGHI",580,594,0.937142,"MHC-II","netmhciipan","accession1","HLA-DRB1*04:01",314.29,0.937142
"PERIKLDYDQYCADV",143,157,0.937064,"MHC-II","netmhciipan","accession1","HLA-DRB1*04:01",314.68,0.937064
"YWLTIPPMKNLALGV",452,466,0.936846,"MHC-II","netmhciipan","accession1","HLA-DRB1*11:01",315.77,0.936846
"IKFLNPDREYDLRDL",122,136,0.936756,"MHC-II","netmhciipan","accession1","HLA-DRB1*03:01",316.22,0.936756
"AGEDCHAPT",490,498,0.936555555555556,"B-cell","Bepipred","accession1",NA,NA,0.936555555555556
"VDLSLTVELKIKIAS",415,429,0.936528,"MHC-II","netmhciipan","accession1","HLA-DRB1*03:01",317.36,0.936528
"RFKVSPYLFNVPIKE",475,489,0.9364,"MHC-II","netmhciipan","accession1","HLA-DRB1*04:01",318,0.9364
"LVKFISDKIKFLNPD",114,128,0.936222,"MHC-II","netmhciipan","accession1","HLA-DRB1*11:01",318.89,0.936222
"LQYVLATYDTSRVEH",522,536,0.935616,"MHC-II","netmhciipan","accession1","HLA-DRB1*04:01",321.92,0.935616
"VLSVDLSLTVELKIK",412,426,0.935588,"MHC-II","netmhciipan","accession1","HLA-DRB1*03:01",322.06,0.935588
"LYLGRGYNVSSIVTM",208,222,0.935374,"MHC-II","netmhciipan","accession1","HLA-DRB1*04:01",323.13,0.935374
"VINREHLMIDRPYVL",24,38,0.935014,"MHC-II","netmhciipan","accession1","HLA-DRB1*11:01",324.93,0.935014
"KGVSFQLVKLGVWKS",315,329,0.934626,"MHC-II","netmhciipan","accession1","HLA-DRB1*04:01",326.87,0.934626
"GVINTLEWI",465,473,0.9345,"MHC-I","netmhcpan","accession1","HLA-A*02:01",327.5,0.9345
"LTPLFKIIGDEVGLR",92,106,0.934384,"MHC-II","netmhciipan","accession1","HLA-DRB1*11:01",328.08,0.934384
"QPVSNDLSNCMVALG",278,292,0.93425,"MHC-II","netmhciipan","accession1","HLA-DRB1*03:01",328.75,0.93425
"GAPVFHMTNYLEQPV",266,280,0.933806,"MHC-II","netmhciipan","accession1","HLA-DRB1*04:01",330.97,0.933806
"LSLIGLLAIAGIRLH",47,61,0.933636,"MHC-II","netmhciipan","accession1","HLA-DRB1*11:01",331.82,0.933636
"HRAAIYTAEIHKSLS",61,75,0.933506,"MHC-II","netmhciipan","accession1","HLA-DRB1*11:01",332.47,0.933506
"SITIPYQGSGKGVSF",305,319,0.93324,"MHC-II","netmhciipan","accession1","HLA-DRB1*11:01",333.8,0.93324
"TTIRGQFSNMSLSLL",192,206,0.933162,"MHC-II","netmhciipan","accession1","HLA-DRB1*11:01",334.19,0.933162
"PHPKGSRIV",16,24,0.932888888888889,"B-cell","Bepipred","accession1",NA,NA,0.932888888888889
"AGIRLHRAAIYTAEI",56,70,0.93254,"MHC-II","netmhciipan","accession1","HLA-DRB1*03:01",337.3,0.93254
"PYQGSGKGV",309,317,0.932,"B-cell","Bepipred","accession1",NA,NA,0.932
"QVECFTWDQKLWCRH",567,581,0.931994,"MHC-II","netmhciipan","accession1","HLA-DRB1*03:01",340.03,0.931994
"YGVLSVDLSLTVELK",410,424,0.93191,"MHC-II","netmhciipan","accession1","HLA-DRB1*04:01",340.45,0.93191
"RLPIKGVPIELQVEC",556,570,0.931586,"MHC-II","netmhciipan","accession1","HLA-DRB1*04:01",342.07,0.931586
"IRLHRAAIYTAEIHK",58,72,0.931556,"MHC-II","netmhciipan","accession1","HLA-DRB1*11:01",342.22,0.931556
"LEQPVSNDLSNCMVA",276,290,0.931122,"MHC-II","netmhciipan","accession1","HLA-DRB1*03:01",344.39,0.931122
"SYGVLSVDLSLTVEL",409,423,0.931018,"MHC-II","netmhciipan","accession1","HLA-DRB1*03:01",344.91,0.931018
"IGLLAIAGIRLHRAA",50,64,0.930552,"MHC-II","netmhciipan","accession1","HLA-DRB1*03:01",347.24,0.930552
"DLSLTVELKIKIASG",416,430,0.93022,"MHC-II","netmhciipan","accession1","HLA-DRB1*03:01",348.9,0.93022
"SNHNNVYWLTIPPMK",446,460,0.930134,"MHC-II","netmhciipan","accession1","HLA-DRB1*04:01",349.33,0.930134
"PPERIKLDYDQYCAD",142,156,0.930046,"MHC-II","netmhciipan","accession1","HLA-DRB1*03:01",349.77,0.930046
"GLLAIAGIRLHRAAI",51,65,0.930044,"MHC-II","netmhciipan","accession1","HLA-DRB1*03:01",349.78,0.930044
"MIDRPYVLL",31,39,0.92978,"MHC-I","netmhcpan","accession1","HLA-A*02:01",351.1,0.92978
"QDLQYVLATYDTSRV",520,534,0.929588,"MHC-II","netmhciipan","accession1","HLA-DRB1*04:01",352.06,0.929588
"AAIYTAEIHKSLSTN",63,77,0.929274,"MHC-II","netmhciipan","accession1","HLA-DRB1*11:01",353.63,0.929274
"SFAYFYPFRLPIKGV",548,562,0.929268,"MHC-II","netmhciipan","accession1","HLA-DRB1*04:01",353.66,0.929268
"RIVINREHLMIDRPY",22,36,0.929246,"MHC-II","netmhciipan","accession1","HLA-DRB1*03:01",353.77,0.929246
"VEHAVVYYVYSPSRS",534,548,0.929152,"MHC-II","netmhciipan","accession1","HLA-DRB1*04:01",354.24,0.929152
"VDGDVKLSSNLVILP",504,518,0.929114,"MHC-II","netmhciipan","accession1","HLA-DRB1*04:01",354.43,0.929114
"AAIYTAEIHKSLSTN",63,77,0.928702,"MHC-II","netmhciipan","accession1","HLA-DRB1*04:01",356.49,0.928702
"PFRLPIKGVPIELQV",554,568,0.928396,"MHC-II","netmhciipan","accession1","HLA-DRB1*11:01",358.02,0.928396
"ERIKLDYDQYCADVA",144,158,0.928278,"MHC-II","netmhciipan","accession1","HLA-DRB1*04:01",358.61,0.928278
"QRFTDLVKFISDKIK",109,123,0.928114,"MHC-II","netmhciipan","accession1","HLA-DRB1*04:01",359.43,0.928114
"CRHFCVLADSESGGH",579,593,0.92792,"MHC-II","netmhciipan","accession1","HLA-DRB1*04:01",360.4,0.92792
"QLVKLGVWKSPTDMQ",320,334,0.927502,"MHC-II","netmhciipan","accession1","HLA-DRB1*11:01",362.49,0.927502
"QYVLATYDTSRVEHA",523,537,0.927398,"MHC-II","netmhciipan","accession1","HLA-DRB1*04:01",363.01,0.927398
"GSGMDLYKSNHNNVY",438,452,0.92728,"MHC-II","netmhciipan","accession1","HLA-DRB1*04:01",363.6,0.92728
"PTTRTDDKL",368,376,0.927222222222222,"B-cell","Bepipred","accession1",NA,NA,0.927222222222222
"SPSRSFAYFYPFRLP",544,558,0.92695,"MHC-II","netmhciipan","accession1","HLA-DRB1*04:01",365.25,0.92695
"GKGVSFQLVKLGVWK",314,328,0.92636,"MHC-II","netmhciipan","accession1","HLA-DRB1*04:01",368.2,0.92636
"GDVKLSSNLVILPGQ",506,520,0.92611,"MHC-II","netmhciipan","accession1","HLA-DRB1*04:01",369.45,0.92611
"VKFISDKIKFLNPDR",115,129,0.926042,"MHC-II","netmhciipan","accession1","HLA-DRB1*11:01",369.79,0.926042
"SVDLSLTVELKIKIA",414,428,0.925586,"MHC-II","netmhciipan","accession1","HLA-DRB1*03:01",372.07,0.925586
"NPPERIKLDYDQYCA",141,155,0.925268,"MHC-II","netmhciipan","accession1","HLA-DRB1*03:01",373.66,0.925268
"VAAEELMNALVNSTL",157,171,0.925052,"MHC-II","netmhciipan","accession1","HLA-DRB1*04:01",374.74,0.925052
"KFISDKIKFLNPDRE",116,130,0.924442,"MHC-II","netmhciipan","accession1","HLA-DRB1*04:01",377.79,0.924442
"YVYSPSRSFAYFYPF",541,555,0.92443,"MHC-II","netmhciipan","accession1","HLA-DRB1*11:01",377.85,0.92443
"SQLSMYRVFEVGVIR",247,261,0.924326,"MHC-II","netmhciipan","accession1","HLA-DRB1*04:01",378.37,0.924326
"TDLVKFISDKIKFLN",112,126,0.924214,"MHC-II","netmhciipan","accession1","HLA-DRB1*11:01",378.93,0.924214
"GSRIVINREHLMIDR",20,34,0.923972,"MHC-II","netmhciipan","accession1","HLA-DRB1*11:01",380.14,0.923972
"DLQYVLATYDTSRVE",521,535,0.923716,"MHC-II","netmhciipan","accession1","HLA-DRB1*04:01",381.42,0.923716
"QLSMYRVFEVGVIRN",248,262,0.923702,"MHC-II","netmhciipan","accession1","HLA-DRB1*11:01",381.49,0.923702
"RLHRAAIYTAEIHKS",59,73,0.922648,"MHC-II","netmhciipan","accession1","HLA-DRB1*04:01",386.76,0.922648
"TVELKIKIASGFGPL",420,434,0.922578,"MHC-II","netmhciipan","accession1","HLA-DRB1*11:01",387.11,0.922578
"KGSRIVINREHLMID",19,33,0.922442,"MHC-II","netmhciipan","accession1","HLA-DRB1*11:01",387.79,0.922442
"DGDVKLSSNLVILPG",505,519,0.922352,"MHC-II","netmhciipan","accession1","HLA-DRB1*04:01",388.24,0.922352
"MYRVFEVGVIRNPGL",251,265,0.922252,"MHC-II","netmhciipan","accession1","HLA-DRB1*04:01",388.74,0.922252
"HSGMVGMGVSCTVTR",596,610,0.922172,"MHC-II","netmhciipan","accession1","HLA-DRB1*04:01",389.14,0.922172
"TPLFKIIGDEVGLRT",93,107,0.922162,"MHC-II","netmhciipan","accession1","HLA-DRB1*11:01",389.19,0.922162
"SMYRVFEVGVIRNPG",250,264,0.9217,"MHC-II","netmhciipan","accession1","HLA-DRB1*04:01",391.5,0.9217
"SSIVTMTSQGMYGGT",217,231,0.921592,"MHC-II","netmhciipan","accession1","HLA-DRB1*04:01",392.04,0.921592
"LSMYRVFEVGVIRNP",249,263,0.921322,"MHC-II","netmhciipan","accession1","HLA-DRB1*11:01",393.39,0.921322
"FAYFYPFRL",549,557,0.92058,"MHC-I","netmhcpan","accession1","HLA-B*35:01",397.1,0.92058
"PRFKVSPYLFNVPIK",474,488,0.920528,"MHC-II","netmhciipan","accession1","HLA-DRB1*11:01",397.36,0.920528
"GPTTIRGQFSNMSLS",190,204,0.920324,"MHC-II","netmhciipan","accession1","HLA-DRB1*11:01",398.38,0.920324
"DKIKFLNPDREYDLR",120,134,0.92024,"MHC-II","netmhciipan","accession1","HLA-DRB1*03:01",398.8,0.92024
"EVDGDVKLSSNLVIL",503,517,0.920228,"MHC-II","netmhciipan","accession1","HLA-DRB1*04:01",398.86,0.920228
"EHLMIDRPYVLLAVL",28,42,0.920212,"MHC-II","netmhciipan","accession1","HLA-DRB1*11:01",398.94,0.920212
"AIYTAEIHKSLSTNL",64,78,0.92018,"MHC-II","netmhciipan","accession1","HLA-DRB1*04:01",399.1,0.92018
"KVSPYLFNVPIKEAG",477,491,0.920106,"MHC-II","netmhciipan","accession1","HLA-DRB1*11:01",399.47,0.920106
"RDLTWCINPPERIKL",134,148,0.91992,"MHC-II","netmhciipan","accession1","HLA-DRB1*04:01",400.4,0.91992
"SNLVILPGQDLQYVL",512,526,0.919688,"MHC-II","netmhciipan","accession1","HLA-DRB1*04:01",401.56,0.919688
"DLRDLTWCINPPERI",132,146,0.919534,"MHC-II","netmhciipan","accession1","HLA-DRB1*04:01",402.33,0.919534
"LPIKGVPIE",557,565,0.91936,"MHC-I","netmhcpan","accession1","HLA-B*35:01",403.2,0.91936
"AIYTAEIHKSLSTNL",64,78,0.91924,"MHC-II","netmhciipan","accession1","HLA-DRB1*11:01",403.8,0.91924
"NSTLLETRTTNQFLA",168,182,0.919216,"MHC-II","netmhciipan","accession1","HLA-DRB1*04:01",403.92,0.919216
"GQFSNMSLSLLDLYL",196,210,0.919086,"MHC-II","netmhciipan","accession1","HLA-DRB1*04:01",404.57,0.919086
"SPYLFNVPIKEAGED",479,493,0.919014,"MHC-II","netmhciipan","accession1","HLA-DRB1*04:01",404.93,0.919014
"ECFTWDQKLWCRHFC",569,583,0.918992,"MHC-II","netmhciipan","accession1","HLA-DRB1*03:01",405.04,0.918992
"SPSRSFAYFYPFRLP",544,558,0.918812,"MHC-II","netmhciipan","accession1","HLA-DRB1*11:01",405.94,0.918812
"DLQYVLATY",521,529,0.91878,"MHC-I","netmhcpan","accession1","HLA-B*35:01",406.1,0.91878
"LLAIAGIRL",52,60,0.91818,"MHC-I","netmhcpan","accession1","HLA-A*02:01",409.1,0.91818
"IPRFKVSPYLFNVPI",473,487,0.918138,"MHC-II","netmhciipan","accession1","HLA-DRB1*04:01",409.31,0.918138
"SGKGVSFQLVKLGVW",313,327,0.917994,"MHC-II","netmhciipan","accession1","HLA-DRB1*11:01",410.03,0.917994
"RIKLDYDQYCADVAA",145,159,0.917932,"MHC-II","netmhciipan","accession1","HLA-DRB1*03:01",410.34,0.917932
"LIGLLAIAGIRLHRA",49,63,0.917848,"MHC-II","netmhciipan","accession1","HLA-DRB1*03:01",410.76,0.917848
"GVLSVDLSL",411,419,0.91744,"MHC-I","netmhcpan","accession1","HLA-A*02:01",412.8,0.91744
"LQVECFTWDQKLWCR",566,580,0.917232,"MHC-II","netmhciipan","accession1","HLA-DRB1*03:01",413.84,0.917232
"SSNLVILPGQDLQYV",511,525,0.917162,"MHC-II","netmhciipan","accession1","HLA-DRB1*04:01",414.19,0.917162
"LSVDLSLTVELKIKI",413,427,0.916998,"MHC-II","netmhciipan","accession1","HLA-DRB1*03:01",415.01,0.916998
"VSPYLFNVPIKEAGE",478,492,0.916436,"MHC-II","netmhciipan","accession1","HLA-DRB1*11:01",417.82,0.916436
"TAEIHKSLSTNLDVT",67,81,0.916112,"MHC-II","netmhciipan","accession1","HLA-DRB1*04:01",419.44,0.916112
"LDLYLGRGYNVSSIV",206,220,0.915824,"MHC-II","netmhciipan","accession1","HLA-DRB1*04:01",420.88,0.915824
"WCRHFCVLADSESGG",578,592,0.9156,"MHC-II","netmhciipan","accession1","HLA-DRB1*04:01",422,0.9156
"ELMNALVNSTLLETR",161,175,0.915568,"MHC-II","netmhciipan","accession1","HLA-DRB1*04:01",422.16,0.915568
"APVFHMTNYLEQPVS",267,281,0.914956,"MHC-II","netmhciipan","accession1","HLA-DRB1*04:01",425.22,0.914956
"AEIHKSLSTNLDVTN",68,82,0.914886,"MHC-II","netmhciipan","accession1","HLA-DRB1*04:01",425.57,0.914886
"DLYLGRGYNVSSIVT",207,221,0.914866,"MHC-II","netmhciipan","accession1","HLA-DRB1*04:01",425.67,0.914866
"LRMETCFQQACKGKI",376,390,0.91472,"MHC-II","netmhciipan","accession1","HLA-DRB1*11:01",426.4,0.91472
"SLLDLYLGRGYNVSS",204,218,0.912754,"MHC-II","netmhciipan","accession1","HLA-DRB1*11:01",436.23,0.912754
"LGAPVFHMTNYLEQP",265,279,0.912728,"MHC-II","netmhciipan","accession1","HLA-DRB1*04:01",436.36,0.912728
"WAPLKDNRI",399,407,0.912666666666667,"B-cell","Bepipred","accession1",NA,NA,0.912666666666667
"KIKFLNPDREYDLRD",121,135,0.912612,"MHC-II","netmhciipan","accession1","HLA-DRB1*03:01",436.94,0.912612
"NQFLAVSKGNCSGPT",178,192,0.91237,"MHC-II","netmhciipan","accession1","HLA-DRB1*04:01",438.15,0.91237
"LMIDRPYVLLAVLFV",30,44,0.912348,"MHC-II","netmhciipan","accession1","HLA-DRB1*03:01",438.26,0.912348
"YTAEIHKSLSTNLDV",66,80,0.91143,"MHC-II","netmhciipan","accession1","HLA-DRB1*04:01",442.85,0.91143
"HLMIDRPYVLLAVLF",29,43,0.91055,"MHC-II","netmhciipan","accession1","HLA-DRB1*04:01",447.25,0.91055
"EWAPLKDNR",398,406,0.910333333333333,"B-cell","Bepipred","accession1",NA,NA,0.910333333333333
"SRIVINREHLMIDRP",21,35,0.91006,"MHC-II","netmhciipan","accession1","HLA-DRB1*11:01",449.7,0.91006
"SQLSMYRVFEVGVIR",247,261,0.909794,"MHC-II","netmhciipan","accession1","HLA-DRB1*11:01",451.03,0.909794
"NLVILPGQDLQYVLA",513,527,0.909512,"MHC-II","netmhciipan","accession1","HLA-DRB1*04:01",452.44,0.909512
"WIPRFKVSPYLFNVP",472,486,0.90949,"MHC-II","netmhciipan","accession1","HLA-DRB1*04:01",452.55,0.90949
"TNQFLAVSKGNCSGP",177,191,0.908404,"MHC-II","netmhciipan","accession1","HLA-DRB1*04:01",457.98,0.908404
"TTRTDDKLRMETCFQ",369,383,0.908246,"MHC-II","netmhciipan","accession1","HLA-DRB1*03:01",458.77,0.908246
"LSLTVELKIKIASGF",417,431,0.908158,"MHC-II","netmhciipan","accession1","HLA-DRB1*03:01",459.21,0.908158
"LSLLDLYLGRGYNVS",203,217,0.908042,"MHC-II","netmhciipan","accession1","HLA-DRB1*11:01",459.79,0.908042
"MYRVFEVGVIRNPGL",251,265,0.907868,"MHC-II","netmhciipan","accession1","HLA-DRB1*11:01",460.66,0.907868
"EWIPRFKVSPYLFNV",471,485,0.90771,"MHC-II","netmhciipan","accession1","HLA-DRB1*04:01",461.45,0.90771
"IASGFGPLITHGSGM",427,441,0.906812,"MHC-II","netmhciipan","accession1","HLA-DRB1*04:01",465.94,0.906812
"YSPSRSFAYFYPFRL",543,557,0.906716,"MHC-II","netmhciipan","accession1","HLA-DRB1*04:01",466.42,0.906716
"LWCRHFCVLADSESG",577,591,0.906538,"MHC-II","netmhciipan","accession1","HLA-DRB1*04:01",467.31,0.906538
"LALGVINTL",462,470,0.90618,"MHC-I","netmhcpan","accession1","HLA-B*35:01",469.1,0.90618
"STLLETRTTNQFLAV",169,183,0.90574,"MHC-II","netmhciipan","accession1","HLA-DRB1*04:01",471.3,0.90574
"DNRIPSYGVLSVDLS",404,418,0.905538,"MHC-II","netmhciipan","accession1","HLA-DRB1*04:01",472.31,0.905538
"GEDCHAPTY",491,499,0.905222222222222,"B-cell","Bepipred","accession1",NA,NA,0.905222222222222
"PEWAPLKDN",397,405,0.905111111111111,"B-cell","Bepipred","accession1",NA,NA,0.905111111111111
"IPSYGVLSVDLSLTV",407,421,0.90511,"MHC-II","netmhciipan","accession1","HLA-DRB1*03:01",474.45,0.90511
"GLGAPVFHMTNYLEQ",264,278,0.904328,"MHC-II","netmhciipan","accession1","HLA-DRB1*04:01",478.36,0.904328
"VVYYVYSPSRSFAYF",538,552,0.904324,"MHC-II","netmhciipan","accession1","HLA-DRB1*03:01",478.38,0.904324
"VDGDVKLSSNLVILP",504,518,0.904114,"MHC-II","netmhciipan","accession1","HLA-DRB1*03:01",479.43,0.904114
"FKVSPYLFNVPIKEA",476,490,0.903928,"MHC-II","netmhciipan","accession1","HLA-DRB1*11:01",480.36,0.903928
"PPERIKLDYDQYCAD",142,156,0.90368,"MHC-II","netmhciipan","accession1","HLA-DRB1*04:01",481.6,0.90368
"MTNYLEQPV",272,280,0.90322,"MHC-I","netmhcpan","accession1","HLA-A*02:01",483.9,0.90322
"RVFEVGVIRNPGLGA",253,267,0.903082,"MHC-II","netmhciipan","accession1","HLA-DRB1*04:01",484.59,0.903082
"DPVIDRLYLSSHRGV",343,357,0.903048,"MHC-II","netmhciipan","accession1","HLA-DRB1*11:01",484.76,0.903048
"WLTIPPMKNLALGVI",453,467,0.902864,"MHC-II","netmhciipan","accession1","HLA-DRB1*04:01",485.68,0.902864
"RSELSQLSMYRVFEV",243,257,0.902734,"MHC-II","netmhciipan","accession1","HLA-DRB1*11:01",486.33,0.902734
"SKGNCSGPT",184,192,0.902666666666666,"B-cell","Bepipred","accession1",NA,NA,0.902666666666666
"TTNQFLAVSKGNCSG",176,190,0.902522,"MHC-II","netmhciipan","accession1","HLA-DRB1*04:01",487.39,0.902522
"RFKVSPYLFNVPIKE",475,489,0.90224,"MHC-II","netmhciipan","accession1","HLA-DRB1*11:01",488.8,0.90224
"SPYLFNVPI",479,487,0.90204,"MHC-I","netmhcpan","accession1","HLA-B*35:01",489.8,0.90204
"RLYLSSHRGVIADNQ",348,362,0.901862,"MHC-II","netmhciipan","accession1","HLA-DRB1*04:01",490.69,0.901862
"TYDTSRVEHAVVYYV",528,542,0.901788,"MHC-II","netmhciipan","accession1","HLA-DRB1*04:01",491.06,0.901788
"GVINTLEWIPRFKVS",465,479,0.901692,"MHC-II","netmhciipan","accession1","HLA-DRB1*03:01",491.54,0.901692
"LSVDLSLTV",413,421,0.90164,"MHC-I","netmhcpan","accession1","HLA-A*02:01",491.8,0.90164
"YRVFEVGVIRNPGLG",252,266,0.901462,"MHC-II","netmhciipan","accession1","HLA-DRB1*04:01",492.69,0.901462
"GQDLQYVLATYDTSR",519,533,0.901026,"MHC-II","netmhciipan","accession1","HLA-DRB1*04:01",494.87,0.901026
"SGKGVSFQLVKLGVW",313,327,0.900878,"MHC-II","netmhciipan","accession1","HLA-DRB1*04:01",495.61,0.900878
"PLFKIIGDEVGLRTP",94,108,0.900868,"MHC-II","netmhciipan","accession1","HLA-DRB1*11:01",495.66,0.900868
"LLDLYLGRGYNVSSI",205,219,0.900772,"MHC-II","netmhciipan","accession1","HLA-DRB1*11:01",496.14,0.900772
"SITIPYQGS",305,313,0.876333333333333,"B-cell","Bepipred","accession1",NA,NA,0.876333333333333
"NPEWAPLKD",396,404,0.869888888888889,"B-cell","Bepipred","accession1",NA,NA,0.869888888888889
"SGPTTIRGQ",189,197,0.868111111111111,"B-cell","Bepipred","accession1",NA,NA,0.868111111111111
"NAFYKDNPH",9,17,0.867111111111111,"B-cell","Bepipred","accession1",NA,NA,0.867111111111111
"EDCHAPTYL",492,500,0.858777777777778,"B-cell","Bepipred","accession1",NA,NA,0.858777777777778
"QAKWAVPTT",362,370,0.850555555555556,"B-cell","Bepipred","accession1",NA,NA,0.850555555555556
"APLKDNRIP",400,408,0.845555555555556,"B-cell","Bepipred","accession1",NA,NA,0.845555555555556
"ENPEWAPLK",395,403,0.843888888888889,"B-cell","Bepipred","accession1",NA,NA,0.843888888888889
"CTVTREDGT",606,614,0.840222222222222,"B-cell","Bepipred","accession1",NA,NA,0.840222222222222
"TTRTDDKLR",369,377,0.831555555555556,"B-cell","Bepipred","accession1",NA,NA,0.831555555555556
"YLPAEVDGD",499,507,0.822777777777778,"B-cell","Bepipred","accession1",NA,NA,0.822777777777778
"PIKEAGEDC",486,494,0.821333333333333,"B-cell","Bepipred","accession1",NA,NA,0.821333333333333
"DCHAPTYLP",493,501,0.820222222222222,"B-cell","Bepipred","accession1",NA,NA,0.820222222222222
"YQGSGKGVS",310,318,0.819777777777778,"B-cell","Bepipred","accession1",NA,NA,0.819777777777778
"DSESGGHIT",587,595,0.812333333333333,"B-cell","Bepipred","accession1",NA,NA,0.812333333333333
"CENPEWAPL",394,402,0.801222222222222,"B-cell","Bepipred","accession1",NA,NA,0.801222222222222
"LPAEVDGDV",500,508,0.796888888888889,"B-cell","Bepipred","accession1",NA,NA,0.796888888888889
"PAEVDGDVK",501,509,0.795555555555556,"B-cell","Bepipred","accession1",NA,NA,0.795555555555556
"CHAPTYLPA",494,502,0.791222222222222,"B-cell","Bepipred","accession1",NA,NA,0.791222222222222
"TYLPAEVDG",498,506,0.789888888888889,"B-cell","Bepipred","accession1",NA,NA,0.789888888888889
"PLSTDDPVI",338,346,0.787333333333333,"B-cell","Bepipred","accession1",NA,NA,0.787333333333333
"VPLSTDDPV",337,345,0.786888888888889,"B-cell","Bepipred","accession1",NA,NA,0.786888888888889
"PTYLPAEVD",497,505,0.781111111111111,"B-cell","Bepipred","accession1",NA,NA,0.781111111111111
"SESGGHITH",588,596,0.779666666666667,"B-cell","Bepipred","accession1",NA,NA,0.779666666666667
"HAPTYLPAE",495,503,0.778,"B-cell","Bepipred","accession1",NA,NA,0.778
"KSPTDMQSW",328,336,0.776333333333333,"B-cell","Bepipred","accession1",NA,NA,0.776333333333333
"DSITIPYQG",304,312,0.770444444444444,"B-cell","Bepipred","accession1",NA,NA,0.770444444444444
"WVPLSTDDP",336,344,0.769555555555556,"B-cell","Bepipred","accession1",NA,NA,0.769555555555556
"WKSPTDMQS",327,335,0.768222222222222,"B-cell","Bepipred","accession1",NA,NA,0.768222222222222
"VSKGNCSGP",183,191,0.754555555555556,"B-cell","Bepipred","accession1",NA,NA,0.754555555555556
"MSPQRDRIN",1,9,0.752222222222222,"B-cell","Bepipred","accession1",NA,NA,0.752222222222222
"APTYLPAEV",496,504,0.744,"B-cell","Bepipred","accession1",NA,NA,0.744
"ADSESGGHI",586,594,0.737666666666667,"B-cell","Bepipred","accession1",NA,NA,0.737666666666667
"SPTDMQSWV",329,337,0.729,"B-cell","Bepipred","accession1",NA,NA,0.729
"PLKDNRIPS",401,409,0.726444444444444,"B-cell","Bepipred","accession1",NA,NA,0.726444444444444
"NQAKWAVPT",361,369,0.718666666666667,"B-cell","Bepipred","accession1",NA,NA,0.718666666666667
"VWKSPTDMQ",326,334,0.713444444444444,"B-cell","Bepipred","accession1",NA,NA,0.713444444444444
"PTDMQSWVP",330,338,0.708,"B-cell","Bepipred","accession1",NA,NA,0.708
"TDMQSWVPL",331,339,0.701333333333333,"B-cell","Bepipred","accession1",NA,NA,0.701333333333333
"AEVDGDVKL",502,510,0.699222222222222,"B-cell","Bepipred","accession1",NA,NA,0.699222222222222
"GPTTIRGQF",190,198,0.697111111111111,"B-cell","Bepipred","accession1",NA,NA,0.697111111111111
"ESGGHITHS",589,597,0.695,"B-cell","Bepipred","accession1",NA,NA,0.695
"LCENPEWAP",393,401,0.692555555555555,"B-cell","Bepipred","accession1",NA,NA,0.692555555555555
"SWVPLSTDD",335,343,0.687,"B-cell","Bepipred","accession1",NA,NA,0.687
"PNLSSKRSE",237,245,0.678,"B-cell","Bepipred","accession1",NA,NA,0.678
"DMQSWVPLS",332,340,0.677111111111111,"B-cell","Bepipred","accession1",NA,NA,0.677111111111111
"KPNLSSKRS",236,244,0.668444444444444,"B-cell","Bepipred","accession1",NA,NA,0.668444444444444
"QGSGKGVSF",311,319,0.667444444444444,"B-cell","Bepipred","accession1",NA,NA,0.667444444444444
"DNQAKWAVP",360,368,0.662666666666667,"B-cell","Bepipred","accession1",NA,NA,0.662666666666667
"QSWVPLSTD",334,342,0.660222222222222,"B-cell","Bepipred","accession1",NA,NA,0.660222222222222
"TRTDDKLRM",370,378,0.660222222222222,"B-cell","Bepipred","accession1",NA,NA,0.660222222222222
"HPKGSRIVI",17,25,0.658111111111111,"B-cell","Bepipred","accession1",NA,NA,0.658111111111111
"NLSSKRSEL",238,246,0.657555555555555,"B-cell","Bepipred","accession1",NA,NA,0.657555555555555
"MQSWVPLST",333,341,0.657333333333333,"B-cell","Bepipred","accession1",NA,NA,0.657333333333333
"LSTDDPVID",339,347,0.657111111111111,"B-cell","Bepipred","accession1",NA,NA,0.657111111111111
"VPIKEAGED",485,493,0.656555555555556,"B-cell","Bepipred","accession1",NA,NA,0.656555555555556
"EDSITIPYQ",303,311,0.654888888888889,"B-cell","Bepipred","accession1",NA,NA,0.654888888888889
"INAFYKDNP",8,16,0.652777777777778,"B-cell","Bepipred","accession1",NA,NA,0.652777777777778
"SCTVTREDG",605,613,0.642111111111111,"B-cell","Bepipred","accession1",NA,NA,0.642111111111111
"EKPNLSSKR",235,243,0.616444444444444,"B-cell","Bepipred","accession1",NA,NA,0.616444444444444
"SPQRDRINA",2,10,0.612666666666667,"B-cell","Bepipred","accession1",NA,NA,0.612666666666667
"VEKPNLSSK",234,242,0.612222222222222,"B-cell","Bepipred","accession1",NA,NA,0.612222222222222
"ADNQAKWAV",359,367,0.611111111111111,"B-cell","Bepipred","accession1",NA,NA,0.611111111111111
"LKDNRIPSY",402,410,0.609333333333333,"B-cell","Bepipred","accession1",NA,NA,0.609333333333333
"AVSKGNCSG",182,190,0.596222222222222,"B-cell","Bepipred","accession1",NA,NA,0.596222222222222
"LVEKPNLSS",233,241,0.58,"B-cell","Bepipred","accession1",NA,NA,0.58
"LADSESGGH",585,593,0.574888888888889,"B-cell","Bepipred","accession1",NA,NA,0.574888888888889
"IADNQAKWA",358,366,0.574333333333333,"B-cell","Bepipred","accession1",NA,NA,0.574333333333333
"ALCENPEWA",392,400,0.560222222222222,"B-cell","Bepipred","accession1",NA,NA,0.560222222222222
"GVWKSPTDM",325,333,0.557,"B-cell","Bepipred","accession1",NA,NA,0.557
"EVDGDVKLS",503,511,0.554555555555555,"B-cell","Bepipred","accession1",NA,NA,0.554555555555555
"LEQPVSNDL",276,284,0.552888888888889,"B-cell","Bepipred","accession1",NA,NA,0.552888888888889
"SGGHITHSG",590,598,0.546666666666667,"B-cell","Bepipred","accession1",NA,NA,0.546666666666667
"LSSKRSELS",239,247,0.546,"B-cell","Bepipred","accession1",NA,NA,0.546
"PTTIRGQFS",191,199,0.542555555555556,"B-cell","Bepipred","accession1",NA,NA,0.542555555555556
"YLEQPVSND",275,283,0.538,"B-cell","Bepipred","accession1",NA,NA,0.538
"VIADNQAKW",357,365,0.519,"B-cell","Bepipred","accession1",NA,NA,0.519
"EQPVSNDLS",277,285,0.515555555555556,"B-cell","Bepipred","accession1",NA,NA,0.515555555555556
"GEDSITIPY",302,310,0.513,"B-cell","Bepipred","accession1",NA,NA,0.513
