sequence,start,end,score,hla,ic50,percentile_rank,type,method,source
YVWIISTITYKTAVR,25,39,0.995332,HLA-DRB1*01:01,23.34,7.1,MHC-II,netmhciipan,accession1
TLYVWIISTITYKTA,23,37,0.994966,HLA-DRB1*01:01,25.17,7.7,MHC-II,netmhciipan,accession1
LYVWIISTITYKTAV,24,38,0.993564,HLA-DRB1*01:01,32.18,9.8,MHC-II,netmhciipan,accession1
VWIISTITYKTAVRH,26,40,0.993302,HLA-DRB1*01:01,33.49,11.0,MHC-II,netmhciipan,accession1
ITLYVWIISTITYKT,22,36,0.992934,HLA-DRB1*01:01,35.33,11.0,MHC-II,netmhciipan,accession1
WIISTITYKTAVRHA,27,41,0.99077,HLA-DRB1*01:01,46.15,14.0,MHC-II,netmhciipan,accession1
IITLYVWIISTITYK,21,35,0.990302,HLA-DRB1*01:01,48.49,15.0,MHC-II,netmhciipan,accession1
ISTITYKTAVRHAAL,29,43,0.990176,HLA-DRB1*01:01,49.12,15.0,MHC-II,netmhciipan,accession1
STITYKTAVRHAALH,30,44,0.988218,HLA-DRB1*01:01,58.91,17.0,MHC-II,netmhciipan,accession1
IISTITYKTAVRHAA,28,42,0.987642,HLA-DRB1*01:01,61.79,18.0,MHC-II,netmhciipan,accession1
TITYKTAVRHAALHQ,31,45,0.985336,HLA-DRB1*01:01,73.32,20.0,MHC-II,netmhciipan,accession1
ITYKTAVRHAALHQR,32,46,0.979742,HLA-DRB1*01:01,101.29,26.0,MHC-II,netmhciipan,accession1
LIITLYVWIISTITY,20,34,0.968348,HLA-DRB1*01:01,158.26,34.0,MHC-II,netmhciipan,accession1
TYKTAVRHAALHQRS,33,47,0.966422,HLA-DRB1*01:01,167.89,35.0,MHC-II,netmhciipan,accession1
YKTAVRHAALHQRSF,34,48,0.960498,HLA-DRB1*01:01,197.51,39.0,MHC-II,netmhciipan,accession1
RHAALHQRSFSRWSL,39,53,0.957468,HLA-DRB1*01:01,212.66,40.0,MHC-II,netmhciipan,accession1
AIQPPLYPTFLLLIL,3,17,0.951562,HLA-DRB1*01:01,242.19,43.0,MHC-II,netmhciipan,accession1
SLIITLYVWIISTIT,19,33,0.948036,HLA-DRB1*01:01,259.82,44.0,MHC-II,netmhciipan,accession1
QPPLYPTFLLLILLS,5,19,0.947946,HLA-DRB1*01:01,260.27,44.0,MHC-II,netmhciipan,accession1
HAALHQRSFSRWSLD,40,54,0.945442,HLA-DRB1*01:01,272.79,45.0,MHC-II,netmhciipan,accession1
IQPPLYPTFLLLILL,4,18,0.944946,HLA-DRB1*01:01,275.27,45.0,MHC-II,netmhciipan,accession1
KTAVRHAALHQRSFS,35,49,0.939356,HLA-DRB1*01:01,303.22,47.0,MHC-II,netmhciipan,accession1
PAIQPPLYPTFLLLI,2,16,0.939122,HLA-DRB1*01:01,304.39,47.0,MHC-II,netmhciipan,accession1
VRHAALHQRSFSRWS,38,52,0.937646,HLA-DRB1*01:01,311.77,48.0,MHC-II,netmhciipan,accession1
AALHQRSFSRWSLDH,41,55,0.937346,HLA-DRB1*01:01,313.27,48.0,MHC-II,netmhciipan,accession1
AVRHAALHQRSFSRW,37,51,0.936996,HLA-DRB1*01:01,315.02,48.0,MHC-II,netmhciipan,accession1
PPLYPTFLLLILLSL,6,20,0.931158,HLA-DRB1*01:01,344.21,50.0,MHC-II,netmhciipan,accession1
TFLLLILLSLIITLY,11,25,0.930882,HLA-DRB1*01:01,345.59,50.0,MHC-II,netmhciipan,accession1
TAVRHAALHQRSFSR,36,50,0.928836,HLA-DRB1*01:01,355.82,51.0,MHC-II,netmhciipan,accession1
LHQRSFSRWSLDHSL,43,57,0.926504,HLA-DRB1*01:01,367.48,51.0,MHC-II,netmhciipan,accession1
PTFLLLILLSLIITL,10,24,0.922252,HLA-DRB1*01:01,388.74,52.0,MHC-II,netmhciipan,accession1
ALHQRSFSRWSLDHS,42,56,0.9175180000000001,HLA-DRB1*01:01,412.41,54.0,MHC-II,netmhciipan,accession1
YPTFLLLILLSLIIT,9,23,0.910204,HLA-DRB1*01:01,448.98,55.0,MHC-II,netmhciipan,accession1
PLYPTFLLLILLSLI,7,21,0.903324,HLA-DRB1*01:01,483.38,57.0,MHC-II,netmhciipan,accession1
YVWIISTITYKTAVR,25,39,0.993854,HLA-DRB1*07:01,30.73,2.3,MHC-II,netmhciipan,accession1
TLYVWIISTITYKTA,23,37,0.992018,HLA-DRB1*07:01,39.91,3.1,MHC-II,netmhciipan,accession1
VWIISTITYKTAVRH,26,40,0.99172,HLA-DRB1*07:01,41.4,3.2,MHC-II,netmhciipan,accession1
ITLYVWIISTITYKT,22,36,0.991056,HLA-DRB1*07:01,44.72,3.7,MHC-II,netmhciipan,accession1
LYVWIISTITYKTAV,24,38,0.990542,HLA-DRB1*07:01,47.29,4.0,MHC-II,netmhciipan,accession1
WIISTITYKTAVRHA,27,41,0.986774,HLA-DRB1*07:01,66.13,5.8,MHC-II,netmhciipan,accession1
AIQPPLYPTFLLLIL,3,17,0.976698,HLA-DRB1*07:01,116.51,11.0,MHC-II,netmhciipan,accession1
PAIQPPLYPTFLLLI,2,16,0.97506,HLA-DRB1*07:01,124.7,11.0,MHC-II,netmhciipan,accession1
QPPLYPTFLLLILLS,5,19,0.974016,HLA-DRB1*07:01,129.92,12.0,MHC-II,netmhciipan,accession1
ISTITYKTAVRHAAL,29,43,0.9731,HLA-DRB1*07:01,134.5,12.0,MHC-II,netmhciipan,accession1
IQPPLYPTFLLLILL,4,18,0.972044,HLA-DRB1*07:01,139.78,13.0,MHC-II,netmhciipan,accession1
IISTITYKTAVRHAA,28,42,0.970894,HLA-DRB1*07:01,145.53,13.0,MHC-II,netmhciipan,accession1
IITLYVWIISTITYK,21,35,0.968558,HLA-DRB1*07:01,157.21,14.0,MHC-II,netmhciipan,accession1
STITYKTAVRHAALH,30,44,0.96351,HLA-DRB1*07:01,182.45,15.0,MHC-II,netmhciipan,accession1
TITYKTAVRHAALHQ,31,45,0.955572,HLA-DRB1*07:01,222.14,18.0,MHC-II,netmhciipan,accession1
PPLYPTFLLLILLSL,6,20,0.95224,HLA-DRB1*07:01,238.8,19.0,MHC-II,netmhciipan,accession1
ITYKTAVRHAALHQR,32,46,0.93776,HLA-DRB1*07:01,311.2,23.0,MHC-II,netmhciipan,accession1
RHAALHQRSFSRWSL,39,53,0.932298,HLA-DRB1*07:01,338.51,25.0,MHC-II,netmhciipan,accession1
HAALHQRSFSRWSLD,40,54,0.917226,HLA-DRB1*07:01,413.87,28.0,MHC-II,netmhciipan,accession1
AALHQRSFSRWSLDH,41,55,0.910616,HLA-DRB1*07:01,446.92,30.0,MHC-II,netmhciipan,accession1
YVWIISTITYKTAVR,25,39,0.991714,HLA-DRB1*15:01,41.43,1.8,MHC-II,netmhciipan,accession1
VWIISTITYKTAVRH,26,40,0.98985,HLA-DRB1*15:01,50.75,2.6,MHC-II,netmhciipan,accession1
WIISTITYKTAVRHA,27,41,0.986094,HLA-DRB1*15:01,69.53,4.0,MHC-II,netmhciipan,accession1
LYVWIISTITYKTAV,24,38,0.98487,HLA-DRB1*15:01,75.65,4.7,MHC-II,netmhciipan,accession1
IISTITYKTAVRHAA,28,42,0.984078,HLA-DRB1*15:01,79.61,5.0,MHC-II,netmhciipan,accession1
TLYVWIISTITYKTA,23,37,0.984028,HLA-DRB1*15:01,79.86,5.0,MHC-II,netmhciipan,accession1
ISTITYKTAVRHAAL,29,43,0.983104,HLA-DRB1*15:01,84.48,5.3,MHC-II,netmhciipan,accession1
STITYKTAVRHAALH,30,44,0.972434,HLA-DRB1*15:01,137.83,9.5,MHC-II,netmhciipan,accession1
ITLYVWIISTITYKT,22,36,0.971518,HLA-DRB1*15:01,142.41,9.7,MHC-II,netmhciipan,accession1
TITYKTAVRHAALHQ,31,45,0.953336,HLA-DRB1*15:01,233.32,16.0,MHC-II,netmhciipan,accession1
RHAALHQRSFSRWSL,39,53,0.951562,HLA-DRB1*15:01,242.19,16.0,MHC-II,netmhciipan,accession1
AIQPPLYPTFLLLIL,3,17,0.9424440000000001,HLA-DRB1*15:01,287.78,19.0,MHC-II,netmhciipan,accession1
HAALHQRSFSRWSLD,40,54,0.941566,HLA-DRB1*15:01,292.17,19.0,MHC-II,netmhciipan,accession1
IITLYVWIISTITYK,21,35,0.939804,HLA-DRB1*15:01,300.98,20.0,MHC-II,netmhciipan,accession1
LHQRSFSRWSLDHSL,43,57,0.939668,HLA-DRB1*15:01,301.66,20.0,MHC-II,netmhciipan,accession1
AALHQRSFSRWSLDH,41,55,0.935674,HLA-DRB1*15:01,321.63,20.0,MHC-II,netmhciipan,accession1
IQPPLYPTFLLLILL,4,18,0.935414,HLA-DRB1*15:01,322.93,20.0,MHC-II,netmhciipan,accession1
ALHQRSFSRWSLDHS,42,56,0.93215,HLA-DRB1*15:01,339.25,21.0,MHC-II,netmhciipan,accession1
QPPLYPTFLLLILLS,5,19,0.930044,HLA-DRB1*15:01,349.78,22.0,MHC-II,netmhciipan,accession1
PAIQPPLYPTFLLLI,2,16,0.929354,HLA-DRB1*15:01,353.23,22.0,MHC-II,netmhciipan,accession1
ITYKTAVRHAALHQR,32,46,0.915116,HLA-DRB1*15:01,424.42,25.0,MHC-II,netmhciipan,accession1
YKTAVRHAALHQRSF,34,48,0.904772,HLA-DRB1*15:01,476.14,27.0,MHC-II,netmhciipan,accession1
ISTITYKTAVRHAAL,29,43,0.996028,HLA-DRB1*13:01,19.86,0.77,MHC-II,netmhciipan,accession1
IISTITYKTAVRHAA,28,42,0.995032,HLA-DRB1*13:01,24.84,1.3,MHC-II,netmhciipan,accession1
STITYKTAVRHAALH,30,44,0.994586,HLA-DRB1*13:01,27.07,1.6,MHC-II,netmhciipan,accession1
WIISTITYKTAVRHA,27,41,0.994058,HLA-DRB1*13:01,29.71,2.0,MHC-II,netmhciipan,accession1
TITYKTAVRHAALHQ,31,45,0.992584,HLA-DRB1*13:01,37.08,2.9,MHC-II,netmhciipan,accession1
VWIISTITYKTAVRH,26,40,0.991956,HLA-DRB1*13:01,40.22,3.2,MHC-II,netmhciipan,accession1
ITYKTAVRHAALHQR,32,46,0.987318,HLA-DRB1*13:01,63.41,6.2,MHC-II,netmhciipan,accession1
YVWIISTITYKTAVR,25,39,0.986978,HLA-DRB1*13:01,65.11,6.4,MHC-II,netmhciipan,accession1
YKTAVRHAALHQRSF,34,48,0.986174,HLA-DRB1*13:01,69.13,6.8,MHC-II,netmhciipan,accession1
KTAVRHAALHQRSFS,35,49,0.98383,HLA-DRB1*13:01,80.85,8.2,MHC-II,netmhciipan,accession1
TYKTAVRHAALHQRS,33,47,0.982182,HLA-DRB1*13:01,89.09,9.2,MHC-II,netmhciipan,accession1
RHAALHQRSFSRWSL,39,53,0.98089,HLA-DRB1*13:01,95.55,9.9,MHC-II,netmhciipan,accession1
TAVRHAALHQRSFSR,36,50,0.98014,HLA-DRB1*13:01,99.3,11.0,MHC-II,netmhciipan,accession1
AVRHAALHQRSFSRW,37,51,0.979348,HLA-DRB1*13:01,103.26,11.0,MHC-II,netmhciipan,accession1
VRHAALHQRSFSRWS,38,52,0.976584,HLA-DRB1*13:01,117.08,13.0,MHC-II,netmhciipan,accession1
LYVWIISTITYKTAV,24,38,0.970532,HLA-DRB1*13:01,147.34,15.0,MHC-II,netmhciipan,accession1
HAALHQRSFSRWSLD,40,54,0.970084,HLA-DRB1*13:01,149.58,16.0,MHC-II,netmhciipan,accession1
TLYVWIISTITYKTA,23,37,0.969348,HLA-DRB1*13:01,153.26,16.0,MHC-II,netmhciipan,accession1
AALHQRSFSRWSLDH,41,55,0.96158,HLA-DRB1*13:01,192.1,20.0,MHC-II,netmhciipan,accession1
ITLYVWIISTITYKT,22,36,0.953912,HLA-DRB1*13:01,230.44,22.0,MHC-II,netmhciipan,accession1
ALHQRSFSRWSLDHS,42,56,0.94957,HLA-DRB1*13:01,252.15,24.0,MHC-II,netmhciipan,accession1
LHQRSFSRWSLDHSL,43,57,0.9342239999999999,HLA-DRB1*13:01,328.88,29.0,MHC-II,netmhciipan,accession1
ISTITYKTAVRHAAL,29,43,0.996904,HLA-DRB1*11:01,15.48,0.47,MHC-II,netmhciipan,accession1
STITYKTAVRHAALH,30,44,0.996766,HLA-DRB1*11:01,16.17,0.48,MHC-II,netmhciipan,accession1
ITYKTAVRHAALHQR,32,46,0.996482,HLA-DRB1*11:01,17.59,0.58,MHC-II,netmhciipan,accession1
TITYKTAVRHAALHQ,31,45,0.996386,HLA-DRB1*11:01,18.07,0.64,MHC-II,netmhciipan,accession1
TYKTAVRHAALHQRS,33,47,0.994672,HLA-DRB1*11:01,26.64,1.2,MHC-II,netmhciipan,accession1
IISTITYKTAVRHAA,28,42,0.994174,HLA-DRB1*11:01,29.13,1.4,MHC-II,netmhciipan,accession1
YKTAVRHAALHQRSF,34,48,0.97942,HLA-DRB1*11:01,102.9,6.1,MHC-II,netmhciipan,accession1
WIISTITYKTAVRHA,27,41,0.976946,HLA-DRB1*11:01,115.27,7.1,MHC-II,netmhciipan,accession1
YVWIISTITYKTAVR,25,39,0.974194,HLA-DRB1*11:01,129.03,7.7,MHC-II,netmhciipan,accession1
VWIISTITYKTAVRH,26,40,0.972814,HLA-DRB1*11:01,135.93,8.2,MHC-II,netmhciipan,accession1
TLYVWIISTITYKTA,23,37,0.957914,HLA-DRB1*11:01,210.43,13.0,MHC-II,netmhciipan,accession1
LYVWIISTITYKTAV,24,38,0.956366,HLA-DRB1*11:01,218.17,13.0,MHC-II,netmhciipan,accession1
ITLYVWIISTITYKT,22,36,0.935076,HLA-DRB1*11:01,324.62,18.0,MHC-II,netmhciipan,accession1
RHAALHQRSFSRWSL,39,53,0.931178,HLA-DRB1*11:01,344.11,18.0,MHC-II,netmhciipan,accession1
AVRHAALHQRSFSRW,37,51,0.926566,HLA-DRB1*11:01,367.17,19.0,MHC-II,netmhciipan,accession1
KTAVRHAALHQRSFS,35,49,0.924926,HLA-DRB1*11:01,375.37,20.0,MHC-II,netmhciipan,accession1
TAVRHAALHQRSFSR,36,50,0.924064,HLA-DRB1*11:01,379.68,20.0,MHC-II,netmhciipan,accession1
VRHAALHQRSFSRWS,38,52,0.921334,HLA-DRB1*11:01,393.33,20.0,MHC-II,netmhciipan,accession1
IITLYVWIISTITYK,21,35,0.900756,HLA-DRB1*11:01,496.22,23.0,MHC-II,netmhciipan,accession1
